{
  "main": {
    "id": "1017afddfc9ae99d",
    "type": "split",
    "children": [
      {
        "id": "77e9061e9c14fad7",
        "type": "tabs",
        "children": [
          {
            "id": "af1953e2b2f5c9e7",
            "type": "leaf",
            "state": {
              "type": "markdown",
              "state": {
                "file": "LWE & Regev.md",
                "mode": "source",
                "source": false
              }
            }
          },
          {
            "id": "2960181395604d14",
            "type": "leaf",
            "state": {
              "type": "markdown",
              "state": {
                "file": "Diffie Hellman.md",
                "mode": "source",
                "source": false
              }
            }
          }
        ]
      }
    ],
    "direction": "vertical"
  },
  "left": {
    "id": "50313e8804e77975",
    "type": "split",
    "children": [
      {
        "id": "5b5f9d0cfc8f5b59",
        "type": "tabs",
        "children": [
          {
            "id": "1de76f08e307b893",
            "type": "leaf",
            "state": {
              "type": "file-explorer",
              "state": {
                "sortOrder": "alphabetical"
              }
            }
          },
          {
            "id": "7aad0659e14be54b",
            "type": "leaf",
            "state": {
              "type": "search",
              "state": {
                "query": "",
                "matchingCase": false,
                "explainSearch": false,
                "collapseAll": false,
                "extraContext": false,
                "sortOrder": "alphabetical"
              }
            }
          },
          {
            "id": "2ff2605c9376ecdf",
            "type": "leaf",
            "state": {
              "type": "bookmarks",
              "state": {}
            }
          }
        ]
      }
    ],
    "direction": "horizontal",
    "width": 300
  },
  "right": {
    "id": "44b6a1012f4eb9bd",
    "type": "split",
    "children": [
      {
        "id": "86d2d10da3607fc2",
        "type": "tabs",
        "children": [
          {
            "id": "143d09d3da9a62be",
            "type": "leaf",
            "state": {
              "type": "backlink",
              "state": {
                "file": "LWE & Regev.md",
                "collapseAll": false,
                "extraContext": false,
                "sortOrder": "alphabetical",
                "showSearch": false,
                "searchQuery": "",
                "backlinkCollapsed": false,
                "unlinkedCollapsed": true
              }
            }
          },
          {
            "id": "733db3c36e5b00a7",
            "type": "leaf",
            "state": {
              "type": "outgoing-link",
              "state": {
                "file": "LWE & Regev.md",
                "linksCollapsed": false,
                "unlinkedCollapsed": true
              }
            }
          },
          {
            "id": "d4ecea9c98ff6436",
            "type": "leaf",
            "state": {
              "type": "tag",
              "state": {
                "sortOrder": "frequency",
                "useHierarchy": true
              }
            }
          },
          {
            "id": "088afcf5207b9477",
            "type": "leaf",
            "state": {
              "type": "outline",
              "state": {
                "file": "LWE & Regev.md"
              }
            }
          }
        ]
      }
    ],
    "direction": "horizontal",
    "width": 300,
    "collapsed": true
  },
  "left-ribbon": {
    "hiddenItems": {
      "switcher:Open quick switcher": false,
      "graph:Open graph view": false,
      "canvas:Create new canvas": false,
      "daily-notes:Open today's daily note": false,
      "templates:Insert template": false,
      "command-palette:Open command palette": false
    }
  },
  "active": "af1953e2b2f5c9e7",
  "lastOpenFiles": [
    "001_lectures.md",
    "LWE & Regev.md",
    "Lagrange's Theorem.md",
    "Pasted image 20230512202724.png",
    "Greatest Common Divisor.md",
    "Hash Functions.md",
    "Hybrid Encryption.md",
    "Kerkhoffs' principle.md",
    "attachments/Pasted image 20230508152658.png",
    "attachments/Pasted image 20230512201224.png",
    "Untitled.md",
    "Modular arithmetic.md",
    "Coprimeality.md",
    "attachments/Pasted image 20230508152844.png",
    "attachments/Pasted image 20230508152710.png",
    "AES - Advanced Encryption Standard.md",
    "Block Ciphers.md",
    "CTR-Encryption.md",
    "Diffie Hellman.md",
    "000_index.md",
    "Message Authentication Codes (MACS).md",
    "Pasted image 20230508130259.png",
    "Security.md",
    "Security properties of the five basic modes of operation.md",
    "attachments/Pasted image 20230508102949.png",
    "Discrete Logarithms.md",
    "Encryption Scheme.md",
    "CTR.md",
    "Public-key Encryption.md",
    "RSA-OAEP.md",
    "Digital Signatures.md",
    "Miller Rabin Test.md",
    "attachments/Miller rabin generation.png",
    "attachments/Miller Rabin test.png",
    "books/2_secure-encryption.pdf",
    "books/2- rsa and digital signatures.pdf",
    "books/3 - digital signatures and primality testing.pdf",
    "books/course-plan-public.pdf",
    "books/Cryptography Made Simple.pdf",
    "books/exam 2022.pdf",
    "problem_sheets/homework 1.pdf",
    "attachments/AddRoundKey.png",
    "books/exam2021.pdf",
    "books/re-exam2022.pdf",
    "database systems/books"
  ]
}